"1,john_doe,john.doe@email.com,pass1,John,Doe"
"2,jane_smith,jane.smith@email.com,pass2,Jane,Smith"
"3,mike_j,mike.j@email.com,pass3,Mike,Johnson"
"4,emily_d,emily.d@email.com,pass4,Emily,Davis"
"5,david_w,david.w@email.com,pass5,David,Wilson"
"6,olivia_t,olivia.t@email.com,pass6,Olivia,Taylor"
"7,ethan_white,ethan.white@email.com,pass7,Ethan,White"
"8,sophia_a,sophia.a@email.com,pass8,Sophia,Anderson"
"9,noah_b,noah.b@email.com,pass9,Noah,Brown"
"10,ava_miller,ava.miller@email.com,pass10,Ava,Miller"
"11,sophie_adams,sophie.adams@email.com,sophiepass,Sophie,Adams"
"12,ethan_watson,ethan.watson@email.com,ethan123,Ethan,Watson"
"13,mia_jones,mia.jones@email.com,miapass,Mia,Jones"
"14,jacob_hall,jacob.hall@email.com,hallpass,Jacob,Hall"
"15,olivia_baker,olivia.baker@email.com,oliviapass,Olivia,Baker"
"16,noah_fisher,noah.fisher@email.com,fisher123,Noah,Fisher"
"17,emma_knight,emma.knight@email.com,emmapass,Emma,Knight"
"18,willow_parker,willow.parker@email.com,willow123,Willow,Parker"
"19,logan_russell,logan.russell@email.com,loganpass,Logan,Russell"
"20,lily_cameron,lily.cameron@email.com,lilypass,Lily,Cameron"
"21,aiden_wells,aiden.wells@email.com,aidenpass,Aiden,Wells"
"22,grace_harrison,grace.harrison@email.com,gracepass,Grace,Harrison"
"23,_turner,samuel.turner@email.com,samuel123,Samuel,Turner"
"24,avery_perry,avery.perry@email.com,averypass,Avery,Perry"
"25,eva_crawford,eva.crawford@email.com,evapass,Eva,Crawford"
"26,mason_kelly,mason.kelly@email.com,masonpass,Mason,Kelly"
"27,chloe_anderson,chloe.anderson@email.com,chloepass,Chloe,Anderson"
"28,lucas_dixon,lucas.dixon@email.com,lucas123,Lucas,Dixon"
"29,mia_elliott,mia.elliott@email.com,miapass,Mia,Elliott"
"30,jackson_clark,jackson.clark@email.com,jackson123,Jackson,Clark"
"31,lily_jenkins,lily.jenkins@email.com,lilypass,Lily,Jenkins"
"32,ethan_morris,ethan.morris@email.com,ethanpass,Ethan,Morris"
"33,ava_stewart,ava.stewart@email.com,avapass,Ava,Stewart"
"34,leo_graham,leo.graham@email.com,leopass,Leo,Graham"
"35,zoe_taylor,zoe.taylor@email.com,zoepass,Zoe,Taylor"
"36,nathan_perez,nathan.perez@email.com,nathan123,Nathan,Perez"
"37,mia_miller,mia.miller@email.com,miapass,Mia,Miller"
"38,luke_hayes,luke.hayes@email.com,lukepass,Luke,Hayes"
"39,audrey_lewis,audrey.lewis@email.com,audreypass,Audrey,Lewis"
"40,owen_jackson,owen.jackson@email.com,owenpass,Owen,Jackson"
"41,isabella_hill,isabella.hill@email.com,isapass,Isabella,Hill"
"42,elijah_west,elijah.west@email.com,elijah123,Elijah,West"
"43,mia_robinson,mia.robinson@email.com,miapass,Mia,Robinson"
"44,henry_fisher,henry.fisher@email.com,henry123,Henry,Fisher"
"45,emily_dunn,emily.dunn@email.com,emilypass,Emily,Dunn"
"46,jack_cox,jack.cox@email.com,jackpass,Jack,Cox"
"47,hannah_gibson,hannah.gibson@email.com,hannah123,Hannah,Gibson"
"48,willow_mason,willow.mason@email.com,willow123,Willow,Mason"
"49,liam_parker,liam.parker@email.com,liampass,Liam,Parker"
"50,avery_grant,avery.grant@email.com,averypass,Avery,Grant"
